<ImportExportXml xmlns:xsi="http://www.w3.org/2001/XMLSchema-instance">
  <Entities></Entities>
  <Roles></Roles>
  <Workflows>
    <Workflow WorkflowId="{a951c415-a981-4d13-8f56-087b9f25ffd1}" Name="DF-CustomActionDemo">
      <JsonFileName>/Workflows/DF-CustomActionDemo-A951C415-A981-4D13-8F56-087B9F25FFD1.json</JsonFileName>
      <Type>1</Type>
      <Subprocess>0</Subprocess>
      <Category>6</Category>
      <Mode>0</Mode>
      <Scope>4</Scope>
      <OnDemand>0</OnDemand>
      <TriggerOnCreate>0</TriggerOnCreate>
      <TriggerOnDelete>0</TriggerOnDelete>
      <AsyncAutodelete>0</AsyncAutodelete>
      <SyncWorkflowLogOnFailure>0</SyncWorkflowLogOnFailure>
      <StateCode>1</StateCode>
      <StatusCode>2</StatusCode>
      <RunAs>1</RunAs>
      <IsTransacted>1</IsTransacted>
      <IntroducedVersion>1.0</IntroducedVersion>
      <IsCustomizable>1</IsCustomizable>
      <BusinessProcessType>0</BusinessProcessType>
      <UIFlowType>2</UIFlowType>
      <IsCustomProcessingStepAllowedForOtherPublishers>1</IsCustomProcessingStepAllowedForOtherPublishers>
      <Metadata>{"isvalid":true,"schemaVersion":"ROBIN_20211012","containsActiveConnections":false}</Metadata>
      <Inputs>{"schema":null}</Inputs>
      <Outputs>{"schema":null}</Outputs>
      <Dependencies>{"childFlows":[],"workQueues":[]}</Dependencies>
      <ConnectionReferences>[]</ConnectionReferences>
      <Definition>"@@ConnectionString: ''\r\n@@Type: 'Local'\r\n@@DesktopType: 'local'\r\n@@DisplayName: 'Local computer'\r\nIMPORT 'controlRepo.appmask' AS appmask\r\nIMPORT 'imageRepo.imgrepo' AS imgrepo\r\n@SENSITIVE: []\r\nSET localFilePath TO $'''C:\\\\\\\\RPA\\\\padCustomActionLogToLocalFile.txt'''\r\nDateTime.GetCurrentDateTime.Local DateTimeFormat: DateTime.DateTimeFormat.DateAndTime CurrentDateTime=&gt; CurrentDateTime\r\nSET logMessage TO $'''Event log from PAD Custom Action:  %CurrentDateTime%\r\n'''\r\n@@IsCustomModule: 'True'\r\n@@Id: '62258863-4f52-ee11-be6f-000d3a19fe13'\r\nModulesLogEvent.LogEventToFile LogFileName: localFilePath LogMessage: logMessage StatusCode=&gt; StatusCode\r\nFile.ReadTextFromFile.ReadText File: localFilePath Encoding: File.TextFileEncoding.UTF8 Content=&gt; FileContents\r\nDisplay.ShowMessageDialog.ShowMessageWithTimeout Title: $'''Event Log Message''' Message: FileContents Icon: Display.Icon.Information Buttons: Display.Buttons.OK DefaultButton: Display.DefaultButton.Button1 IsTopMost: True Timeout: 5 ButtonPressed=&gt; ButtonPressed\r\n# Open Local File\r\nMouseAndKeyboard.SendKeys.FocusAndSendKeys TextToSend: $'''{LWin}({R})''' DelayBetweenKeystrokes: 0 SendTextAsHardwareKeys: True\r\n@@source: 'Recorder'\r\nUIAutomation.PopulateTextField TextField: appmask['Window \\'Run\\'']['Edit \\'Open:\\''] Text: '\\\"C:\\\\RPA\\\\padCustomActionLogToLocalFile.txt\\\"' Mode: UIAutomation.PopulateTextMode.Replace ClickType: UIAutomation.PopulateMouseClickType.SingleClick\r\n@@source: 'Recorder'\r\nUIAutomation.PressButton Button: appmask['Window \\'Run\\'']['Button \\'OK\\'']\r\n# End of Open File\r\n"</Definition>
      <SchemaVersion>2022.06</SchemaVersion>
      <PrimaryEntity>none</PrimaryEntity>
      <LocalizedNames>
        <LocalizedName languagecode="1033" description="DF-CustomActionDemo" />
      </LocalizedNames>
    </Workflow>
  </Workflows>
  <FieldSecurityProfiles></FieldSecurityProfiles>
  <Templates />
  <EntityMaps />
  <EntityRelationships />
  <OrganizationSettings />
  <optionsets />
  <CustomControls />
  <EntityDataProviders />
  <Languages>
    <Language>1033</Language>
  </Languages>
</ImportExportXml>